Name,Email ID,Phone Number,Updated Date and Time (UTC)
Bharath1,Bharath1@gmail.com,8792339764,5/14/21 1:00
Bharath2,Bharath2@gmail.com,918797339762,5/14/21 1:30
Bharath3,Bharath3@gmail.com,2323142134,5/14/21 2:00
Bharath4,Bharath4@gmail.com,2142134,5/14/21 2:30
Bharath5,Bharath5@gmail.com,2314231,5/14/21 3:00
Bharath6,Bharath6@gmail.com,1234312421342310,5/14/21 3:30
Bharath7,Bharath7@gmail.com,21412421342134200000,5/14/21 4:00
Bharath8,Bharath8@gmail.com,23142134213421300000,5/14/21 4:30
Bharath9,Bharath9@gmail.com,23421342134213400,5/14/21 5:00
Bharath10,Bharath10@gmail.com,432,5/14/21 5:30
Bharath11,Bharath11@gmail.com,2314,5/14/21 6:00
Bharath12,Bharath12@gmail.com,1234,5/14/21 6:30
Bharath13,Bharath13@gmail.com,2314,5/14/21 7:00
Bharath14,Bharath14@gmail.com,123,5/14/21 7:30
Bharath15,Bharath15@gmail.com,421,5/14/21 8:00
Bharath16,Bharath16@gmail.com,34,5/14/21 8:30
Bharath17,Bharath17@gmail.com,2134,5/14/21 9:00
Bharath18,Bharath18@gmail.com,2134,5/14/21 9:30
Bharath19,Bharath19@gmail.com,213,5/14/21 10:00
Bharath20,Bharath20@gmail.com,4231,5/14/21 10:30
Bharath21,Bharath21@gmail.com,4,5/14/21 11:00
Bharath22,Bharath22@gmail.com,1234,5/14/21 11:30
Bharath23,Bharath23@gmail.com,12,5/14/21 12:00
Bharath24,Bharath24@gmail.com,421,5/14/21 12:30
Bharath25,Bharath25@gmail.com,34,5/14/21 13:00
Bharath26,Bharath26@gmail.com,2134,5/14/21 13:30
Bharath27,Bharath27@gmail.com,213,5/14/21 14:00
Bharath28,Bharath28@gmail.com,42,5/14/21 21:30
Bharath29,Bharath29@gmail.com,134,5/14/21 22:00
Bharath30,Bharath30@gmail.com,23,5/14/21 22:30
Bharath31,Bharath31@gmail.com,4213,5/14/21 23:00
Bharath32,Bharath32@gmail.com,421,5/14/21 23:30
Bharath33,Bharath33@gmail.com,34,5/15/21 0:00
Bharath34,Bharath93@gmail.com,2134,5/15/21 0:30
Bharath35,Bharath94@gmail.com,231,5/15/21 1:00
Bharath36,Bharath95@gmail.com,4213,5/15/21 1:30
Bharath37,Bharath96@gmail.com,231,5/15/21 2:00
Bharath38,Bharath97@gmail.com,4231,5/15/21 2:30
Bharath39,Bharath3@gmail.com,42,5/14/21 20:00
Bharath40,Bharath4@gmail.com,14,5/14/21 20:30
Bharath41,Bharath5@gmail.com,12,5/14/21 21:00
Bharath42,Bharath6@gmail.com,421,5/14/21 21:30
Bharath43,Bharath7@gmail.com,4,5/14/21 22:00
Bharath44,Bharath8@gmail.com,2134,5/14/21 22:30
Bharath45,Bharath9@gmail.com,231,5/14/21 23:00
Bharath46,Bharath10@gmail.com,4,5/14/21 23:30
Bharath47,Bharath11@gmail.com,214,5/15/21 0:00
Bharath48,Bharath12@gmail.com,12,5/15/21 0:30
Bharath49,Bharath13@gmail.com,4213,5/15/21 1:00
Bharath50,Bharath14@gmail.com,213,5/15/21 1:30
Bharath51,Bharath15@gmail.com,423,5/15/21 2:00
Bharath52,Bharath52@gmail.com,1421,5/15/21 2:30
Bharath53,Bharath53@gmail.com,34,5/15/21 3:00
Bharath54,Bharath54@gmail.com,2143,5/15/21 3:30
Bharath55,Bharath55@gmail.com,23,5/15/21 4:00
Bharath56,Bharath30@gmail.com,1423,5/15/21 4:30
Bharath57,Bharath31@gmail.com,14,5/15/21 5:00
Bharath58,Bharath32@gmail.com,124,5/15/21 5:30
Bharath59,Bharath33@gmail.com,123,5/15/21 6:00
Bharath60,Bharath34@gmail.com,42,5/15/21 6:30
Bharath61,Bharath35@gmail.com,134,5/15/21 7:00
Bharath62,Bharath36@gmail.com,2134,5/15/21 7:30
Bharath63,Bharath63@gmail.com,213,5/15/21 8:00
Bharath64,Bharath64@gmail.com,44325342,5/15/21 4:30
Bharath65,Bharath65@gmail.com,534,5/15/21 5:00
Bharath66,Bharath66@gmail.com,54,5/15/21 14:30
Bharath67,Bharath67@gmail.com,56,5/15/21 15:00
Bharath68,Bharath68@gmail.com,3464,5/15/21 15:30
Bharath69,Bharath69@gmail.com,356,5/15/21 16:00
Bharath70,Bharath70@gmail.com,232,5/15/21 16:30
Bharath71,Bharath64@gmail.com,345,5/15/21 12:00
Bharath72,Bharath82@gmail.com,3425,5/15/21 12:30
Bharath73,Bharath83@gmail.com,324,5/15/21 13:00
Bharath74,Bharath84@gmail.com,5342,5/15/21 13:30
Bharath75,Bharath85@gmail.com,532,5/15/21 14:00
Bharath76,Bharath86@gmail.com,45324,5/15/21 14:30
Bharath77,Bharath87@gmail.com,532,5/15/21 15:00
Bharath78,Bharath88@gmail.com,4532,5/15/21 15:30
Bharath79,Bharath89@gmail.com,5,5/15/21 16:00
Bharath80,Bharath90@gmail.com,325,5/15/21 16:30
Bharath81,Bharath91@gmail.com,23452345342,5/15/21 17:00
Bharath82,Bharath92@gmail.com,5,5/15/21 17:30
Bharath83,Bharath83@gmail.com,23,5/15/21 18:00
Bharath84,Bharath84@gmail.com,532,5/15/21 18:30
Bharath85,Bharath85@gmail.com,234,5/15/21 19:00
Bharath86,Bharath86@gmail.com,324,5/15/21 19:30
Bharath87,Bharath87@gmail.com,5,5/15/21 20:00
Bharath88,Bharath88@gmail.com,2345,5/15/21 20:30
Bharath89,Bharath89@gmail.com,324,5/15/21 21:00
Bharath90,Bharath90@gmail.com,5,5/15/21 21:30
Bharath91,Bharath91@gmail.com,325,5/15/21 22:00
Bharath92,Bharath92@gmail.com,342,5/15/21 22:30
Bharath93,Bharath93@gmail.com,5,5/15/21 14:30
Bharath94,Bharath94@gmail.com,332,5/15/21 15:00
Bharath95,Bharath95@gmail.com,5,5/15/21 15:30
Bharath96,Bharath96@gmail.com,324,5/15/21 16:00
Bharath97,Bharath97@gmail.com,12412341234,5/15/21 16:30
Bharath98,Bharath98@gmail.com,1324,5/16/21 1:30